file_name,entries_total,entries_kept,entries_dropped,file_size_gb,file_size_mb,power_values_count,power_kw_min,power_kw_max,power_kw_avg,power_kw_sum,missing_state,missing_landkreis,missing_energy,missing_power,missing_date
EinheitenBiomasse.json,21813,21813,0,0.028471954,29.155,21813,0.6,99720.0,417.798022,9113428.26,0,0,0,0,0
EinheitenGeothermieGrubengasDruckentspannung.json,130,130,0,0.000159804,0.164,130,4.68,7000.0,1352.328308,175802.68,0,0,0,0,0
EinheitenSolar_1.json,98918,98918,0,0.127707987,130.773,98918,0.04,20996.01,38.619693,3820182.813,0,0,0,0,0
EinheitenSolar_10.json,99161,99161,0,0.126364863,129.398,99161,0.02,54356.0,25.39914,2518604.124,0,0,0,0,0
EinheitenSolar_11.json,98903,98903,0,0.125857134,128.878,98903,0.019,31209.4,22.658783,2241021.641,0,0,0,0,0
EinheitenSolar_12.json,99088,99088,0,0.126293283,129.324,99088,0.1,22525.8,23.934984,2371669.74,0,0,0,0,0
EinheitenSolar_13.json,99078,99078,0,0.126346815,129.379,99078,0.05,23596.56,24.568869,2434234.399,0,0,0,0,0
EinheitenSolar_14.json,99237,99237,0,0.126466097,129.501,99237,0.01,18737.95,25.51758,2532288.119,0,0,0,0,0
EinheitenSolar_15.json,99203,99203,0,0.126278841,129.31,99203,0.04,153131.42,28.846586,2861667.895,0,0,0,0,0
EinheitenSolar_16.json,99273,99273,0,0.126299393,129.331,99273,0.003,61838.4,23.80647,2363339.65,0,0,0,0,0
EinheitenSolar_17.json,99161,99161,0,0.125833389,128.853,99161,0.001,15681.6,20.658,2048467.902,0,0,0,0,0
EinheitenSolar_18.json,99227,99227,0,0.126456588,129.492,99227,0.006,21339.06,26.939623,2673137.997,0,0,0,0,0
EinheitenSolar_19.json,99226,99226,0,0.126748517,129.79,99226,0.03,9999.68,26.358972,2615495.307,0,0,0,0,0
EinheitenSolar_2.json,98941,98941,0,0.127424276,130.482,98941,0.02,24715.46,37.86804,3746701.745,0,0,0,0,0
EinheitenSolar_20.json,98872,98872,0,0.125696579,128.713,98872,0.001,63060.96,26.860994,2655800.179,0,0,0,0,0
EinheitenSolar_21.json,98597,98597,0,0.125578157,128.592,98597,0.01,47267.28,25.206103,2485246.181,0,0,0,0,0
EinheitenSolar_22.json,98913,98913,0,0.125286374,128.293,98913,0.005,28231.55,18.8578,1865281.592,0,0,0,0,0
EinheitenSolar_23.json,98345,98345,0,0.124553202,127.542,98345,0.001,88680.54,25.913343,2548447.706,0,0,0,0,0
EinheitenSolar_24.json,97767,97767,0,0.123284008,126.243,97767,0.004,49999.87,20.829347,2036422.81,0,0,0,0,0
EinheitenSolar_25.json,96814,96814,0,0.122053171,124.982,96814,0.001,31281.0,15.719779,1521894.665,0,0,0,0,0
EinheitenSolar_26.json,97029,97029,0,0.122023734,124.952,97029,0.001,31017.84,17.757563,1722998.564,0,0,0,0,1
EinheitenSolar_27.json,97102,97102,0,0.120941519,123.844,97102,0.001,37392.045,15.45952,1501150.303,0,0,0,0,3
EinheitenSolar_28.json,96822,96822,0,0.118943161,121.798,96822,0.001,37704.69,14.07229,1362507.26,0,0,0,0,5
EinheitenSolar_29.json,95969,95969,0,0.117248856,120.063,95969,0.001,40743.81,15.148701,1453805.674,0,0,0,0,0
EinheitenSolar_3.json,98967,98967,0,0.127042525,130.092,98967,0.003,18217.5,34.2102,3385680.893,0,0,0,0,0
EinheitenSolar_30.json,96154,96154,0,0.117244859,120.059,96154,0.003,38308.14,13.109547,1260535.408,0,0,0,0,0
EinheitenSolar_31.json,97141,97141,0,0.118225301,121.063,97141,0.001,60261.96,14.18609,1378050.963,0,0,0,0,0
EinheitenSolar_32.json,97483,97483,0,0.118755012,121.605,97483,0.004,82720.0,13.47932,1314004.562,0,0,0,0,0
EinheitenSolar_33.json,97678,97678,0,0.118912403,121.766,97678,0.001,48401.86,12.922193,1262213.993,0,0,0,0,0
EinheitenSolar_34.json,97748,97748,0,0.119003233,121.859,97748,0.001,29970.0,14.697254,1436627.229,0,0,0,0,0
EinheitenSolar_35.json,97992,97992,0,0.119462518,122.33,97992,0.001,162262.2,18.775117,1839811.296,0,0,0,0,0
EinheitenSolar_36.json,98047,98047,0,0.119663632,122.536,98047,0.001,29017.31,16.830531,1650183.046,0,0,0,0,0
EinheitenSolar_37.json,98426,98426,0,0.120386623,123.276,98426,0.001,24799.56,17.62939,1735190.293,0,0,0,0,0
EinheitenSolar_38.json,98149,98149,0,0.118897545,121.751,98149,0.001,42725.62,18.836766,1848809.793,0,0,0,0,0
EinheitenSolar_39.json,98148,98148,0,0.115860779,118.641,98148,0.001,60007.365,18.430084,1808875.851,0,0,0,0,0
EinheitenSolar_4.json,98979,98979,0,0.126656723,129.696,98979,0.1,62147.28,32.293602,3196388.454,0,0,0,0,0
EinheitenSolar_40.json,97614,97614,0,0.112708681,115.414,97614,0.001,24616.71,12.587133,1228680.356,0,0,0,0,0
EinheitenSolar_41.json,97591,97591,0,0.111224873,113.894,97591,0.001,36766.71,12.808395,1249984.097,0,0,0,0,0
EinheitenSolar_42.json,97568,97568,0,0.109701217,112.334,97568,0.001,20000.0,11.773793,1148745.469,0,0,0,0,0
EinheitenSolar_43.json,98012,98012,0,0.110637794,113.293,98012,0.001,23963.94,11.515154,1128623.28,0,0,0,0,0
EinheitenSolar_44.json,97874,97874,0,0.11096383,113.627,97874,0.001,57975.84,13.451401,1316542.384,0,0,0,0,0
EinheitenSolar_45.json,97884,97884,0,0.110795376,113.454,97884,0.001,59167.0,12.834381,1256280.544,0,0,0,0,0
EinheitenSolar_46.json,97766,97766,0,0.111248733,113.919,97766,0.001,55031.0,12.322203,1204692.513,0,0,0,0,0
EinheitenSolar_47.json,97873,97873,0,0.112433554,115.132,97873,0.001,54546.36,16.064886,1572318.579,0,0,0,0,0
EinheitenSolar_48.json,97782,97782,0,0.114118374,116.857,97782,0.001,65417.04,18.125829,1772379.785,0,0,0,0,0
EinheitenSolar_49.json,97512,97512,0,0.114696496,117.449,97512,0.001,39386.0,21.506467,2097138.596,0,0,0,0,0
EinheitenSolar_5.json,99009,99009,0,0.126527115,129.564,99009,0.02,19451.04,30.306097,3000576.388,0,0,0,0,0
EinheitenSolar_50.json,97153,97153,0,0.114022599,116.759,97153,0.001,80308.8,26.076611,2533420.963,0,0,0,0,0
EinheitenSolar_51.json,96859,96859,0,0.110526852,113.179,96859,0.001,19994.205,11.542064,1117952.744,0,0,0,0,0
EinheitenSolar_52.json,96407,96407,0,0.108914949,111.529,96407,0.001,28886.46,10.477282,1010083.284,0,0,0,0,0
EinheitenSolar_53.json,95470,95470,0,0.10898701,111.603,95470,0.001,63120.735,10.332721,986464.904,0,0,0,0,0
EinheitenSolar_54.json,63748,63748,0,0.073203829,74.961,63748,0.001,9682.2,8.971667,571925.851,0,0,0,0,0
EinheitenSolar_6.json,99099,99099,0,0.126619165,129.658,99099,0.01,24240.6,28.565714,2830833.678,0,0,0,0,0
EinheitenSolar_7.json,99124,99124,0,0.126655717,129.695,99124,0.005,25559.14,27.459768,2721922.072,0,0,0,0,0
EinheitenSolar_8.json,99122,99122,0,0.126558677,129.596,99122,0.001,24336.4,25.229601,2500808.49,0,0,0,0,0
EinheitenSolar_9.json,99145,99145,0,0.126288839,129.32,99145,0.1,70863.87,24.106062,2389995.513,0,0,0,0,0
EinheitenStromSpeicher_1.json,95599,95599,0,0.111015663,113.68,95599,0.001,305.2,4.795805,458474.151,0,0,0,0,0
EinheitenStromSpeicher_10.json,96562,96562,0,0.109271106,111.894,96562,0.001,4000.0,6.54323,631827.392,0,0,0,0,0
EinheitenStromSpeicher_11.json,96357,96357,0,0.109094434,111.713,96357,0.001,4000.0,6.722001,647711.889,0,0,0,0,0
EinheitenStromSpeicher_12.json,95910,95910,0,0.108673364,111.282,95910,0.001,3780.0,6.810872,653230.721,0,0,0,0,0
EinheitenStromSpeicher_13.json,96455,96455,0,0.112171,114.863,96455,0.001,6754.0,6.673051,643649.126,0,0,0,0,0
EinheitenStromSpeicher_14.json,97731,97731,0,0.115867271,118.648,97731,0.001,6160.0,6.655007,650400.473,0,0,0,0,0
EinheitenStromSpeicher_15.json,97465,97465,0,0.115850727,118.631,97465,0.001,5100.0,6.367217,620580.798,0,0,0,0,0
EinheitenStromSpeicher_16.json,97225,97225,0,0.115695559,118.472,97225,0.001,1120.0,6.337523,616165.66,0,0,0,0,0
EinheitenStromSpeicher_17.json,97186,97186,0,0.116037707,118.823,97186,0.001,736.0,6.652209,646501.614,0,0,0,0,0
EinheitenStromSpeicher_18.json,96897,96897,0,0.116099798,118.886,96897,0.001,7500.0,6.638273,643228.695,0,0,0,0,0
EinheitenStromSpeicher_19.json,96078,96078,0,0.114194293,116.935,96078,0.001,8640.0,6.011005,577525.377,0,0,0,0,0
EinheitenStromSpeicher_2.json,96349,96349,0,0.111629168,114.308,96349,0.001,22000.0,6.455417,621972.984,0,0,0,0,0
EinheitenStromSpeicher_20.json,90419,90419,0,0.107394443,109.972,90419,0.001,9200.0,6.813536,616073.135,0,0,0,0,0
EinheitenStromSpeicher_3.json,97571,97571,0,0.112902351,115.612,97571,0.01,7000.0,6.504913,634690.855,0,0,0,0,0
EinheitenStromSpeicher_4.json,97140,97140,0,0.112469696,115.169,97140,0.001,6900.0,6.553303,636587.859,0,0,0,0,0
EinheitenStromSpeicher_5.json,97076,97076,0,0.112449422,115.148,97076,0.01,950.0,5.75872,559033.542,0,0,0,0,1
EinheitenStromSpeicher_6.json,96382,96382,0,0.110407825,113.058,96382,0.025,13883.0,6.341835,611238.712,0,0,0,0,2
EinheitenStromSpeicher_7.json,96569,96569,0,0.109339468,111.964,96569,0.003,2322.0,6.304514,608820.66,0,0,0,0,0
EinheitenStromSpeicher_8.json,97059,97059,0,0.109826343,112.462,97059,0.216,294.0,6.346568,615991.551,0,0,0,0,0
EinheitenStromSpeicher_9.json,96774,96774,0,0.109494819,112.123,96774,0.001,10400.0,6.885144,666302.972,0,0,0,0,0
EinheitenWasser.json,8556,8556,0,0.01019631,10.441,8556,0.75,40000.0,534.725881,4575114.641,0,0,0,0,0
EinheitenWind.json,29944,29944,0,0.049450913,50.638,29944,0.1,8000.0,2176.711974,65179463.337,0,0,0,0,0
